name,sku,brand,category,reasons
KORBIN - Matte Black Gloss Black - Black Mirror,HRZ-100-0628,100Percent,100Percent,repeated word: black
ARMEGA / ARMATIC Replacement - Injected Dual Pane Vented Mirror Silver Flash Lens,HRZ-100-1198,100Percent,Helmets Accessories,unusually long (>80 chars)
KTM Adventure 390 (2025 model)/ 250 ADV/390 ADV R/390 ADV X+/390 ADV S 2025 DODGER HANDLE RISER,HRZ-LEG-2284,Legundary Customs,Legundary Customs,unusually long (>80 chars)
KTM Adventure 390 (2025 model)/ 250 ADV/390 ADV R/390 ADV X+/390 ADV S 2025 TRICORN FRONT OIL CAP,HRZ-LEG-2285,Legundary Customs,Legundary Customs,unusually long (>80 chars)
KTM  Adventure 390 (2025 model)/ 250 ADV/390 ADV R/390 ADV X+/390 ADV S 2025 VAMBRACE BASHPLATE,HRZ-LEG-2286,Legundary Customs,Protection,unusually long (>80 chars)
KTM Adventure 390 (2025 model)/ 250 ADV/390 ADV R/390 ADV X+/390 ADV S 2025 TITAN MASTERCYLINDER GUARD,HRZ-LEG-2287,Legundary Customs,Protection,unusually long (>80 chars)
KTM Adventure 390 (2025 model)/ 250 ADV/390 ADV R/390 ADV X+/390 ADV S 2025 OCULUS SHIELD-ACRYLIC,HRZ-LEG-2289,Legundary Customs,Helmets Accessories,unusually long (>80 chars)
KTM Adventure 390(2025 model)/ 250 ADV/390 ADV R/390 ADV X+/390 ADV S 2025 CUSTOS COOLANT CAP,HRZ-LEG-2290,Legundary Customs,Legundary Customs,unusually long (>80 chars)
KTM Adventure 390 (2025 model)/ 250 ADV/390 ADV R/390 ADV X+/390 ADV S 2025 CASQUE REAR OIL CAP,HRZ-LEG-2291,Legundary Customs,Legundary Customs,unusually long (>80 chars)
KTM Adventure 390 (2025 model)/  250 ADV/390 ADV R/390 ADV X+/390 ADV S 2025 VECTOR RADIATOR GRILL,HRZ-LEG-2292,Legundary Customs,Legundary Customs,unusually long (>80 chars)
KTM  Adventure 390 (2025 model)/ 250 ADV/390 ADV R/390 ADV X+/390 ADV S 2025 VECTOR RADIATOR GRILL,HRZ-LEG-2293,Legundary Customs,Legundary Customs,unusually long (>80 chars)
KTM Adventure 390 (2025 model)/ 250 ADV/390 ADV R/390 ADV X+/390 ADV S 2025 VAMBRACE BASHPLATE,HRZ-LEG-2294,Legundary Customs,Protection,unusually long (>80 chars)
KTM Adventure 390 (2025 Model)/ 250 ADV/390 ADV R/390 ADV X+/390 ADV S 2025 GOPHER LUGGUAGE CARRIER,HRZ-LEG-2295,Legundary Customs,Legundary Customs,unusually long (>80 chars)
KTM  Adventure 390 (2025 model)/ 250 ADV/390 ADV R/390 ADV X+/390 ADV S 2025 GOPHER LUGGUAGE CARRIER,HRZ-LEG-2296,Legundary Customs,Legundary Customs,unusually long (>80 chars)
KTM Adventure 390 (2025 model)/  250 ADV/390 ADV R/390 ADV X+/390 ADV S 2025 CASUS SADDLE STAY,HRZ-LEG-2297,Legundary Customs,Legundary Customs,unusually long (>80 chars)
KTM Adventure 390 (2025 model)/ KTM 250 ADV/390 ADV R/390 ADV X+/390 ADV S 2025 RAPTOR CRASHGUARD,HRZ-LEG-2298,Legundary Customs,Protection,unusually long (>80 chars)
KTM Adventure 390 (2025 model)/ 250 ADV/390 ADV R/390 ADV X+/390 ADV S 2025 RAPTOR CRASHGUARD,HRZ-LEG-2299,Legundary Customs,Protection,unusually long (>80 chars)
KTM Adventure 390 (2025 model)/ 250 ADV/390 ADV R/390 ADV X+/390 ADV S 2025 ROTEX FRONT WHEEL SLIDER,HRZ-LEG-2300,Legundary Customs,Protection,unusually long (>80 chars)
KTM  Adventure 390 (2025 model) /  250 ADV/390 ADV X+/390 ADV S 2025 FORTIS SIDE STAND BASE,HRZ-LEG-2301,Legundary Customs,Legundary Customs,unusually long (>80 chars)
KTM Adventure 390 (2025 model)/ 250 ADV/390 ADV R/390 ADV X+/390 ADV S 2025 VELOX PADDOCK SPOOL,HRZ-LEG-2302,Legundary Customs,Legundary Customs,unusually long (>80 chars)
KTM  Adventure 390 (2025 model)/ 250 ADV/390 ADV R/390 ADV X+/390 ADV S 2025 PLOIGOS GPS MOUNT,HRZ-LEG-2303,Legundary Customs,Accessories,unusually long (>80 chars)
KTM Adventure 390 (2025 model)/250 ADV/390 ADV R/390 ADV X+/390 ADV S 2025 COSMIC HEADLIGHT GRILL,HRZ-LEG-2304,Legundary Customs,Lights,unusually long (>80 chars)
SUMP GUARD MILD STEEL v.1 FOR KAWASAKI KLX 230 COMPATIBLE ONLY WITH MOTO TORQUE CRASH GUARD,HRZ-MOT-2877,MotoTorque,Riding Gears,unusually long (>80 chars)
SUMP GUARD ALUMINIUM v.1 FOR KAWASAKI KLX 230 COMPATIBLE ONLY WITH MOTO TORQUE CRASH GUARD,HRZ-MOT-2891,MotoTorque,Protection,unusually long (>80 chars)
REAR MASTER CYLINDER(orange) GUARD (MS) FOR 2025 FOR KTM 390 Adventure/Adventure X,HRZ-MOT-3042,MotoTorque,Protection,unusually long (>80 chars)
Carbon Brake Pads For Zontes 350T Adventure (2023 Onwards) - Rear - CFB041 - 1 Set,HRZ-ROY-3698,Royal Enfield,Royal Enfield,unusually long (>80 chars)
Sintered Brake Pads For Zontes 350T Adventure (2023 Onwards) - Rear - CB041 - 1 Set,HRZ-ROY-3699,Royal Enfield,Royal Enfield,unusually long (>80 chars)
Carbon Brake Pads For Royal Enfield Bear 650 (2024 Onwards) - Rear - CFB312 - 1 Set,HRZ-ROY-3701,Royal Enfield,Royal Enfield,unusually long (>80 chars)
Carbon Brake Pads For Royal Enfield Bear 650 (2024 Onwards) - Front - CFB902 - 1 Set,HRZ-ROY-3703,Royal Enfield,Royal Enfield,unusually long (>80 chars)
Sintered Brake Pads For Royal Enfield Bear 650 (2024 Onwards) - Rear - CB312 - 1 Set,HRZ-ROY-3704,Royal Enfield,Royal Enfield,unusually long (>80 chars)
Sintered Brake Pads For Royal Enfield Bear 650 (2024 Onwards) - Front - CB902 - 1 Set,HRZ-ROY-3706,Royal Enfield,Royal Enfield,unusually long (>80 chars)
Ceramic Brake Pads For Royal Enfield Bear 650 (2024 Onwards) - Rear - CRM359 - 1 Set,HRZ-ROY-3708,Royal Enfield,Royal Enfield,unusually long (>80 chars)
Ceramic Brake Pads For Royal Enfield Bear 650 (2024 Onwards) - Front - CRM859 - 1 Set,HRZ-ROY-3709,Royal Enfield,Royal Enfield,unusually long (>80 chars)
Carbon Brake Pads For Royal Enfield Classic 350/500 (2016 Onwards) - Front - CFB181 - 1 Set,HRZ-ROY-3716,Royal Enfield,Royal Enfield,unusually long (>80 chars)
Carbon Brake Pads For Royal Enfield Continental GT 650 (2018 Onwards) - Front - CFB902 - 1 Set,HRZ-ROY-3718,Royal Enfield,Royal Enfield,unusually long (>80 chars)
Carbon Brake Pads For Royal Enfield Continental GT 650 (2018 Onwards) - Rear - CFB312 - 1 Set,HRZ-ROY-3719,Royal Enfield,Royal Enfield,unusually long (>80 chars)
Carbon Brake Pads For Royal Enfield Guerrilla 450 (2024 Onwards) - Front - CFB902 - 1 Set,HRZ-ROY-3720,Royal Enfield,Royal Enfield,unusually long (>80 chars)
Carbon Brake Pads For Royal Enfield Guerrilla 450 (2024 Onwards) - Rear - CFB312 - 1 Set,HRZ-ROY-3721,Royal Enfield,Royal Enfield,unusually long (>80 chars)
Carbon Brake Pads For Royal Enfield Himalayan 450 (2018-2020) - Front - CFB181 - 1 Set,HRZ-ROY-3722,Royal Enfield,Royal Enfield,unusually long (>80 chars)
Carbon Brake Pads For Royal Enfield Himalayan 450 (2018-2020) - Rear - CFB312 - 1 Set,HRZ-ROY-3723,Royal Enfield,Royal Enfield,unusually long (>80 chars)
Carbon Brake Pads For Royal Enfield Himalayan 450 (2021-2023) - Front - CFB181 - 1 Set,HRZ-ROY-3724,Royal Enfield,Royal Enfield,unusually long (>80 chars)
Carbon Brake Pads For Royal Enfield Himalayan 450 (2021-2023) - Rear - CFB312 - 1 Set,HRZ-ROY-3725,Royal Enfield,Royal Enfield,unusually long (>80 chars)
Carbon Brake Pads For Royal Enfield Interceptor 650 (2018 Onwards) - Front - CFB902 - 1 Set,HRZ-ROY-3728,Royal Enfield,Royal Enfield,unusually long (>80 chars)
Carbon Brake Pads For Royal Enfield Interceptor 650 (2018 Onwards) - Rear - CFB312 - 1 Set,HRZ-ROY-3729,Royal Enfield,Royal Enfield,unusually long (>80 chars)
Carbon Brake Pads For Royal Enfield Thunderbird 350/500 (2013 Onwards) - Front - CFB181 - 1 Set,HRZ-ROY-3733,Royal Enfield,Royal Enfield,unusually long (>80 chars)
Carbon Brake Pads For Royal Enfield Shotgun 650 (2024-2025) - Rear - CFB346 - 1 Set,HRZ-ROY-3738,Royal Enfield,Royal Enfield,unusually long (>80 chars)
Carbon Brake Pads For Royal Enfield Classic 350/500 (2016 Onwards) - Rear - CFB312 - 1 Set,HRZ-ROY-3739,Royal Enfield,Royal Enfield,unusually long (>80 chars)
Carbon Brake Pads For Royal Enfield Thunderbird 350/500 (2013 Onwards) - Rear - CFB312 - 1 Set,HRZ-ROY-3740,Royal Enfield,Royal Enfield,unusually long (>80 chars)
Carbon Brake Pads For Royal Enfield Shotgun 650 (2024-2025) - Front - CFB902 - 1 Set,HRZ-ROY-3743,Royal Enfield,Royal Enfield,unusually long (>80 chars)
Sintered Brake Pads For Royal Enfield Classic 350/500 (2016 Onwards) - Front - CB181 - 1 Set,HRZ-ROY-3744,Royal Enfield,Royal Enfield,unusually long (>80 chars)
Sintered Brake Pads For Royal Enfield Continental GT 650 (2018 Onwards) - Front - CB902 - 1 Set,HRZ-ROY-3746,Royal Enfield,Royal Enfield,unusually long (>80 chars)
Sintered Brake Pads For Royal Enfield Continental GT 650 (2018 Onwards) - Rear - CB312 - 1 Set,HRZ-ROY-3747,Royal Enfield,Royal Enfield,unusually long (>80 chars)
Sintered Brake Pads For Royal Enfield Guerrilla 450 (2024 Onwards) - Front - CB902 - 1 Set,HRZ-ROY-3748,Royal Enfield,Royal Enfield,unusually long (>80 chars)
Sintered Brake Pads For Royal Enfield Guerrilla 450 (2024 Onwards) - Rear - CB312 - 1 Set,HRZ-ROY-3749,Royal Enfield,Royal Enfield,unusually long (>80 chars)
Sintered Brake Pads For Royal Enfield Himalayan 450 (2018-2020) - Front - CB181 - 1 Set,HRZ-ROY-3750,Royal Enfield,Royal Enfield,unusually long (>80 chars)
Sintered Brake Pads For Royal Enfield Himalayan 450 (2018-2020) - Rear - CB312 - 1 Set,HRZ-ROY-3751,Royal Enfield,Royal Enfield,unusually long (>80 chars)
Sintered Brake Pads For Royal Enfield Himalayan 450 (2021-2023) - Front - CB181 - 1 Set,HRZ-ROY-3752,Royal Enfield,Royal Enfield,unusually long (>80 chars)
Sintered Brake Pads For Royal Enfield Himalayan 450 (2021-2023) - Rear - CB312 - 1 Set,HRZ-ROY-3753,Royal Enfield,Royal Enfield,unusually long (>80 chars)
Sintered Brake Pads For Royal Enfield Interceptor 650 (2018 Onwards) - Front - CB902 - 1 Set,HRZ-ROY-3755,Royal Enfield,Royal Enfield,unusually long (>80 chars)
Sintered Brake Pads For Royal Enfield Interceptor 650 (2018 Onwards) - Rear - CB312 - 1 Set,HRZ-ROY-3756,Royal Enfield,Royal Enfield,unusually long (>80 chars)
Sintered Brake Pads For Royal Enfield Thunderbird 350/500 (2013 Onwards)  - Front - CB181 - 1 Set,HRZ-ROY-3759,Royal Enfield,Royal Enfield,unusually long (>80 chars)
Sintered Brake Pads For Royal Enfield Shotgun 650 (2024-2025) - Rear - CB346 - 1 Set,HRZ-ROY-3761,Royal Enfield,Royal Enfield,unusually long (>80 chars)
Sintered Brake Pads For Royal Enfield Classic 350/500 (2016 Onwards) - Rear - CB312 - 1 Set,HRZ-ROY-3766,Royal Enfield,Royal Enfield,unusually long (>80 chars)
Sintered Brake Pads For Royal Enfield Thunderbird 350/500 (2013 Onwards) - Rear - CB312 - 1 Set,HRZ-ROY-3767,Royal Enfield,Royal Enfield,unusually long (>80 chars)
Sintered Brake Pads For Royal Enfield Shotgun 650 (2024-2025) - Front - CB902 - 1 Set,HRZ-ROY-3769,Royal Enfield,Royal Enfield,unusually long (>80 chars)
Ceramic Brake Pads For Royal Enfield Guerrilla 450 (2024 Onwards) - Front - CRM859 - 1 Set,HRZ-ROY-3777,Royal Enfield,Royal Enfield,unusually long (>80 chars)
Ceramic Brake Pads For Royal Enfield Guerrilla 450 (2024 Onwards) - Rear - CRM359 - 1 Set,HRZ-ROY-3778,Royal Enfield,Royal Enfield,unusually long (>80 chars)
Ceramic Brake Pads For Royal Enfield Himalayan 450 (2023-2026) - Front - CRM859 - 1 Set,HRZ-ROY-3781,Royal Enfield,Royal Enfield,unusually long (>80 chars)
Ceramic Brake Pads For Royal Enfield Himalayan 450 (2023-2026) - Rear - CRM359 - 1 Set,HRZ-ROY-3782,Royal Enfield,Royal Enfield,unusually long (>80 chars)
Ceramic Brake Pads For Royal Enfield Classic 350 Stealth Black - Front - CRM479 - 1 Set,HRZ-ROY-3788,Royal Enfield,Royal Enfield,unusually long (>80 chars)
Ceramic Brake Pads For Royal Enfield Classic 350 Stealth Black - Rear - CRM359 - 1 Set,HRZ-ROY-3789,Royal Enfield,Royal Enfield,unusually long (>80 chars)
Ceramic Brake Pads For Royal Enfield Shotgun 650 (2024-2025) - Front - CRM859 - 1 Set,HRZ-ROY-3790,Royal Enfield,Royal Enfield,unusually long (>80 chars)
Ceramic Brake Pads For Royal Enfield Thunderbird 350/500 - Front - CRM479 - 1 Set,HRZ-ROY-3793,Royal Enfield,Royal Enfield,unusually long (>80 chars)
Ceramic Brake Pads For Royal Enfield Shotgun 650 (2024-2025) - Rear - CRM479 - 1 Set,HRZ-ROY-3795,Royal Enfield,Royal Enfield,unusually long (>80 chars)
SMK Terrain Offroad Goggle with Clear and Extra Mirror Lens (Blue with Blue Strap),HRZ-SMK-3981,SMK,Helmets Accessories,unusually long (>80 chars)
SMK Terrain Offroad Goggle with Clear and Extra Mirror Lens (Black with Black Strap),HRZ-SMK-3982,SMK,Helmets Accessories,unusually long (>80 chars)
SMK Terrain Offroad Goggle with Clear and Extra Mirror Lens (Orange with Orange Strap),HRZ-SMK-3983,SMK,Helmets Accessories,unusually long (>80 chars)
